/*
 Navicat Premium Data Transfer

 Source Server         : localhost
 Source Server Type    : MySQL
 Source Server Version : 50505
 Source Host           : localhost
 Source Database       : duty

 Target Server Type    : MySQL
 Target Server Version : 50505
 File Encoding         : utf-8

 Date: 04/03/2018 11:04:02 AM
*/

SET NAMES utf8;
SET FOREIGN_KEY_CHECKS = 0;

-- ----------------------------
--  Table structure for `yunzhi_absent`
-- ----------------------------
DROP TABLE IF EXISTS `yunzhi_absent`;
CREATE TABLE `yunzhi_absent` (
  `id` int(11) NOT NULL AUTO_INCREMENT,
  `username` varchar(255) NOT NULL,
  `week` int(11) NOT NULL,
  `day` int(11) NOT NULL,
  `knob` int(11) NOT NULL,
  `term_id` int(11) NOT NULL,
  PRIMARY KEY (`id`),
  KEY `ab_term` (`term_id`),
  KEY `ab_username` (`username`),
  CONSTRAINT `yunzhi_absent_ibfk_1` FOREIGN KEY (`term_id`) REFERENCES `yunzhi_term` (`id`) ON DELETE CASCADE ON UPDATE CASCADE,
  CONSTRAINT `yunzhi_absent_ibfk_2` FOREIGN KEY (`username`) REFERENCES `yunzhi_user` (`username`) ON DELETE CASCADE ON UPDATE CASCADE
) ENGINE=InnoDB AUTO_INCREMENT=30 DEFAULT CHARSET=utf8 ROW_FORMAT=COMPACT;

-- ----------------------------
--  Records of `yunzhi_absent`
-- ----------------------------
BEGIN;
INSERT INTO `yunzhi_absent` VALUES ('14', 'poshichao', '3', '1', '2', '18'), ('16', 'poshichao', '3', '2', '1', '18'), ('17', 'zhangxishuo', '3', '1', '4', '18'), ('22', 'zhangxintong', '12', '2', '3', '18'), ('28', 'chenzhigao', '13', '6', '2', '18'), ('29', 'poshichao', '2', '6', '4', '22');
COMMIT;

-- ----------------------------
--  Table structure for `yunzhi_contribution`
-- ----------------------------
DROP TABLE IF EXISTS `yunzhi_contribution`;
CREATE TABLE `yunzhi_contribution` (
  `id` int(11) unsigned NOT NULL AUTO_INCREMENT,
  `username` varchar(255) DEFAULT NULL,
  `state` float DEFAULT 0,
  `time` int(11) DEFAULT NULL,
  `source` varchar(255) DEFAULT NULL,
  `remark` varchar(255) DEFAULT NULL,
  `title` varchar(255) DEFAULT '',
  `url` varchar(255) DEFAULT NULL,
  `number` int(11) DEFAULT NULL,
  `share` tinyint(4) DEFAULT NULL,
  PRIMARY KEY (`id`)
) ENGINE=InnoDB AUTO_INCREMENT=10 DEFAULT CHARSET=utf8 ROW_FORMAT=COMPACT;

-- ----------------------------
--  Records of `yunzhi_contribution`
-- ----------------------------
BEGIN;
INSERT INTO `yunzhi_contribution` VALUES ('8', 'zhuchenshu', '3.5', '1522724292', 'instrument', 'github', '去除yunzhi-access标签，显示检定信息按钮 0.5h', 'https://github.com/yunzhiclub/instrument/pull/1112', '1112', '0'), ('9', 'zhuchenshu', '-1200', '1522724466', '贡献值修改', '123213123', '', '', null, '0');
COMMIT;

-- ----------------------------
--  Table structure for `yunzhi_course`
-- ----------------------------
DROP TABLE IF EXISTS `yunzhi_course`;
CREATE TABLE `yunzhi_course` (
  `id` int(11) NOT NULL AUTO_INCREMENT,
  `name` varchar(255) NOT NULL,
  PRIMARY KEY (`id`)
) ENGINE=InnoDB AUTO_INCREMENT=99 DEFAULT CHARSET=utf8 ROW_FORMAT=COMPACT;

-- ----------------------------
--  Records of `yunzhi_course`
-- ----------------------------
BEGIN;
INSERT INTO `yunzhi_course` VALUES ('38', '应用英语'), ('39', '中国特色社会主义理论'), ('42', '数字电子技术基础'), ('43', '大学物理'), ('45', '数据结构'), ('46', '电路理论基础'), ('47', '体育'), ('48', '复变函数与积分变换'), ('49', '马克思主义原理概论'), ('52', '生产与运作管理'), ('53', '财务管理'), ('54', '职业教育学'), ('55', '现代教育技术'), ('56', '管理信息系统'), ('57', '职业教育心里学'), ('58', 'Web应用JSP'), ('59', '系统分析与设计'), ('60', '值班'), ('61', '毛概（楚航）'), ('63', '微机的使用与维护'), ('64', '人际传播能力'), ('65', '班会'), ('66', '操作系统实验'), ('70', '形式与政策3年级'), ('72', '实践课（楚航）'), ('73', '概率论与数理统计'), ('74', '大学英语拓展模块'), ('75', '计算机网络'), ('76', '嵌入式系统'), ('77', '计算机组成原理'), ('78', '毛泽东思想与中国特色社会主义理论体系概论'), ('79', '汇编语言程序设计'), ('80', '知识产权'), ('81', '现代企业管理'), ('82', '移动应用开发'), ('83', '软件过程管理'), ('84', '人机交互'), ('85', '.net程序设计'), ('86', '嵌入式操作系统'), ('87', '计算机游戏程序设计'), ('88', '算法的设计与分析'), ('90', '大学英语（朴）'), ('92', '软件工程'), ('93', '学术英语(张)'), ('94', '移动应用开发实验'), ('95', '.net实验'), ('97', '嵌入式实验'), ('98', '概率论');
COMMIT;

-- ----------------------------
--  Table structure for `yunzhi_coursetime`
-- ----------------------------
DROP TABLE IF EXISTS `yunzhi_coursetime`;
CREATE TABLE `yunzhi_coursetime` (
  `id` int(11) NOT NULL AUTO_INCREMENT,
  `week` int(11) NOT NULL,
  `day` int(11) NOT NULL,
  `knob` int(11) NOT NULL,
  `course_id` int(11) NOT NULL,
  `term_id` int(11) NOT NULL,
  PRIMARY KEY (`id`),
  KEY `ct_course_id` (`course_id`),
  KEY `ct_term_id` (`term_id`),
  CONSTRAINT `yunzhi_coursetime_ibfk_1` FOREIGN KEY (`course_id`) REFERENCES `yunzhi_course` (`id`) ON DELETE CASCADE ON UPDATE CASCADE,
  CONSTRAINT `yunzhi_coursetime_ibfk_2` FOREIGN KEY (`term_id`) REFERENCES `yunzhi_term` (`id`) ON DELETE CASCADE ON UPDATE CASCADE
) ENGINE=InnoDB AUTO_INCREMENT=2521 DEFAULT CHARSET=utf8 ROW_FORMAT=COMPACT;

-- ----------------------------
--  Records of `yunzhi_coursetime`
-- ----------------------------
BEGIN;
INSERT INTO `yunzhi_coursetime` VALUES ('825', '1', '1', '4', '39', '18'), ('826', '2', '1', '4', '39', '18'), ('827', '3', '1', '4', '39', '18'), ('828', '4', '1', '4', '39', '18'), ('829', '5', '1', '4', '39', '18'), ('830', '6', '1', '4', '39', '18'), ('831', '7', '1', '4', '39', '18'), ('832', '8', '1', '4', '39', '18'), ('833', '9', '1', '4', '39', '18'), ('834', '10', '1', '4', '39', '18'), ('835', '11', '1', '4', '39', '18'), ('836', '12', '1', '4', '39', '18'), ('837', '1', '3', '3', '39', '18'), ('838', '2', '3', '3', '39', '18'), ('839', '3', '3', '3', '39', '18'), ('840', '4', '3', '3', '39', '18'), ('841', '5', '3', '3', '39', '18'), ('842', '6', '3', '3', '39', '18'), ('843', '7', '3', '3', '39', '18'), ('844', '8', '3', '3', '39', '18'), ('845', '9', '3', '3', '39', '18'), ('846', '10', '3', '3', '39', '18'), ('847', '11', '3', '3', '39', '18'), ('848', '12', '3', '3', '39', '18'), ('905', '9', '1', '4', '42', '18'), ('906', '11', '1', '4', '42', '18'), ('907', '12', '1', '4', '42', '18'), ('908', '13', '1', '4', '42', '18'), ('909', '14', '1', '4', '42', '18'), ('910', '15', '1', '4', '42', '18'), ('911', '16', '1', '4', '42', '18'), ('912', '17', '1', '4', '42', '18'), ('913', '9', '3', '2', '42', '18'), ('914', '11', '3', '2', '42', '18'), ('915', '12', '3', '2', '42', '18'), ('916', '13', '3', '2', '42', '18'), ('917', '14', '3', '2', '42', '18'), ('918', '15', '3', '2', '42', '18'), ('919', '16', '3', '2', '42', '18'), ('920', '17', '3', '2', '42', '18'), ('921', '9', '5', '1', '42', '18'), ('922', '11', '5', '1', '42', '18'), ('923', '12', '5', '1', '42', '18'), ('924', '13', '5', '1', '42', '18'), ('925', '14', '5', '1', '42', '18'), ('926', '15', '5', '1', '42', '18'), ('927', '16', '5', '1', '42', '18'), ('928', '17', '5', '1', '42', '18'), ('929', '1', '1', '2', '43', '18'), ('930', '2', '1', '2', '43', '18'), ('931', '3', '1', '2', '43', '18'), ('932', '4', '1', '2', '43', '18'), ('933', '6', '1', '2', '43', '18'), ('934', '7', '1', '2', '43', '18'), ('935', '8', '1', '2', '43', '18'), ('936', '9', '1', '2', '43', '18'), ('937', '11', '1', '2', '43', '18'), ('938', '12', '1', '2', '43', '18'), ('939', '13', '1', '2', '43', '18'), ('940', '14', '1', '2', '43', '18'), ('941', '15', '1', '2', '43', '18'), ('942', '16', '1', '2', '43', '18'), ('943', '1', '3', '1', '43', '18'), ('944', '2', '3', '1', '43', '18'), ('945', '3', '3', '1', '43', '18'), ('946', '4', '3', '1', '43', '18'), ('947', '6', '3', '1', '43', '18'), ('948', '7', '3', '1', '43', '18'), ('949', '8', '3', '1', '43', '18'), ('950', '9', '3', '1', '43', '18'), ('951', '11', '3', '1', '43', '18'), ('952', '12', '3', '1', '43', '18'), ('953', '13', '3', '1', '43', '18'), ('954', '14', '3', '1', '43', '18'), ('955', '15', '3', '1', '43', '18'), ('956', '16', '3', '1', '43', '18'), ('957', '1', '1', '1', '45', '18'), ('958', '2', '1', '1', '45', '18'), ('959', '3', '1', '1', '45', '18'), ('960', '4', '1', '1', '45', '18'), ('961', '6', '1', '1', '45', '18'), ('962', '7', '1', '1', '45', '18'), ('963', '8', '1', '1', '45', '18'), ('964', '9', '1', '1', '45', '18'), ('965', '11', '1', '1', '45', '18'), ('966', '12', '1', '1', '45', '18'), ('967', '13', '1', '1', '45', '18'), ('968', '14', '1', '1', '45', '18'), ('969', '15', '1', '1', '45', '18'), ('970', '16', '1', '1', '45', '18'), ('971', '17', '1', '1', '45', '18'), ('972', '18', '1', '1', '45', '18'), ('973', '1', '4', '2', '45', '18'), ('974', '2', '4', '2', '45', '18'), ('975', '3', '4', '2', '45', '18'), ('976', '4', '4', '2', '45', '18'), ('977', '6', '4', '2', '45', '18'), ('978', '7', '4', '2', '45', '18'), ('979', '8', '4', '2', '45', '18'), ('980', '9', '4', '2', '45', '18'), ('981', '11', '4', '2', '45', '18'), ('982', '12', '4', '2', '45', '18'), ('983', '13', '4', '2', '45', '18'), ('984', '14', '4', '2', '45', '18'), ('985', '15', '4', '2', '45', '18'), ('986', '16', '4', '2', '45', '18'), ('987', '17', '4', '2', '45', '18'), ('988', '18', '4', '2', '45', '18'), ('1001', '6', '2', '1', '46', '18'), ('1002', '7', '2', '1', '46', '18'), ('1003', '8', '2', '1', '46', '18'), ('1004', '9', '2', '1', '46', '18'), ('1005', '11', '2', '1', '46', '18'), ('1006', '12', '2', '1', '46', '18'), ('1007', '13', '2', '1', '46', '18'), ('1008', '14', '2', '1', '46', '18'), ('1009', '15', '2', '1', '46', '18'), ('1010', '16', '2', '1', '46', '18'), ('1011', '6', '5', '2', '46', '18'), ('1012', '7', '5', '2', '46', '18'), ('1013', '8', '5', '2', '46', '18'), ('1014', '9', '5', '2', '46', '18'), ('1015', '11', '5', '2', '46', '18'), ('1016', '12', '5', '2', '46', '18'), ('1017', '13', '5', '2', '46', '18'), ('1018', '14', '5', '2', '46', '18'), ('1019', '15', '5', '2', '46', '18'), ('1020', '16', '5', '2', '46', '18'), ('1021', '2', '2', '2', '47', '18'), ('1022', '3', '2', '2', '47', '18'), ('1023', '4', '2', '2', '47', '18'), ('1024', '5', '2', '2', '47', '18'), ('1025', '6', '2', '2', '47', '18'), ('1026', '7', '2', '2', '47', '18'), ('1027', '8', '2', '2', '47', '18'), ('1028', '9', '2', '2', '47', '18'), ('1029', '10', '2', '2', '47', '18'), ('1030', '11', '2', '2', '47', '18'), ('1031', '12', '2', '2', '47', '18'), ('1032', '13', '2', '2', '47', '18'), ('1033', '14', '2', '2', '47', '18'), ('1034', '15', '2', '2', '47', '18'), ('1035', '16', '2', '2', '47', '18'), ('1036', '17', '2', '2', '47', '18'), ('1037', '1', '2', '3', '48', '18'), ('1038', '2', '2', '3', '48', '18'), ('1039', '3', '2', '3', '48', '18'), ('1040', '4', '2', '3', '48', '18'), ('1041', '6', '2', '3', '48', '18'), ('1042', '7', '2', '3', '48', '18'), ('1043', '8', '2', '3', '48', '18'), ('1044', '9', '2', '3', '48', '18'), ('1045', '11', '2', '3', '48', '18'), ('1046', '12', '2', '3', '48', '18'), ('1047', '13', '2', '3', '48', '18'), ('1048', '14', '2', '3', '48', '18'), ('1049', '15', '2', '3', '48', '18'), ('1050', '16', '2', '3', '48', '18'), ('1051', '17', '2', '3', '48', '18'), ('1052', '18', '2', '3', '48', '18'), ('1053', '1', '4', '1', '48', '18'), ('1054', '2', '4', '1', '48', '18'), ('1055', '3', '4', '1', '48', '18'), ('1056', '4', '4', '1', '48', '18'), ('1057', '6', '4', '1', '48', '18'), ('1058', '7', '4', '1', '48', '18'), ('1059', '8', '4', '1', '48', '18'), ('1060', '9', '4', '1', '48', '18'), ('1061', '11', '4', '1', '48', '18'), ('1062', '12', '4', '1', '48', '18'), ('1063', '14', '4', '1', '48', '18'), ('1064', '15', '4', '1', '48', '18'), ('1065', '16', '4', '1', '48', '18'), ('1066', '17', '4', '1', '48', '18'), ('1067', '18', '4', '1', '48', '18'), ('1068', '1', '3', '3', '49', '18'), ('1069', '2', '3', '3', '49', '18'), ('1070', '3', '3', '3', '49', '18'), ('1071', '4', '3', '3', '49', '18'), ('1072', '6', '3', '3', '49', '18'), ('1073', '7', '3', '3', '49', '18'), ('1074', '8', '3', '3', '49', '18'), ('1075', '9', '3', '3', '49', '18'), ('1076', '11', '3', '3', '49', '18'), ('1077', '12', '3', '3', '49', '18'), ('1078', '13', '3', '3', '49', '18'), ('1079', '1', '3', '3', '49', '18'), ('1080', '2', '3', '3', '49', '18'), ('1081', '3', '3', '3', '49', '18'), ('1082', '4', '3', '3', '49', '18'), ('1083', '6', '3', '3', '49', '18'), ('1084', '7', '3', '3', '49', '18'), ('1085', '8', '3', '3', '49', '18'), ('1086', '9', '3', '3', '49', '18'), ('1087', '11', '3', '3', '49', '18'), ('1088', '12', '3', '3', '49', '18'), ('1089', '13', '3', '3', '49', '18'), ('1090', '13', '6', '2', '49', '18'), ('1155', '13', '5', '1', '59', '18'), ('1156', '14', '5', '1', '59', '18'), ('1157', '15', '5', '1', '59', '18'), ('1158', '16', '5', '1', '59', '18'), ('1159', '17', '5', '1', '59', '18'), ('1160', '18', '5', '1', '59', '18'), ('1161', '19', '5', '1', '59', '18'), ('1162', '20', '5', '1', '59', '18'), ('1163', '13', '5', '2', '59', '18'), ('1164', '14', '5', '2', '59', '18'), ('1165', '15', '5', '2', '59', '18'), ('1166', '16', '5', '2', '59', '18'), ('1167', '17', '5', '2', '59', '18'), ('1168', '18', '5', '2', '59', '18'), ('1169', '19', '5', '2', '59', '18'), ('1170', '20', '5', '2', '59', '18'), ('1177', '12', '2', '1', '60', '18'), ('1178', '13', '2', '1', '60', '18'), ('1179', '14', '2', '1', '60', '18'), ('1180', '15', '2', '1', '60', '18'), ('1181', '16', '2', '1', '60', '18'), ('1182', '17', '2', '1', '60', '18'), ('1183', '18', '2', '1', '60', '18'), ('1184', '19', '2', '1', '60', '18'), ('1185', '20', '2', '1', '60', '18'), ('1186', '13', '2', '2', '60', '18'), ('1187', '14', '2', '2', '60', '18'), ('1188', '15', '2', '2', '60', '18'), ('1189', '16', '2', '2', '60', '18'), ('1190', '17', '2', '2', '60', '18'), ('1191', '18', '2', '2', '60', '18'), ('1192', '19', '2', '2', '60', '18'), ('1193', '20', '2', '2', '60', '18'), ('1194', '13', '2', '3', '60', '18'), ('1195', '14', '2', '3', '60', '18'), ('1196', '15', '2', '3', '60', '18'), ('1197', '16', '2', '3', '60', '18'), ('1198', '17', '2', '3', '60', '18'), ('1199', '18', '2', '3', '60', '18'), ('1200', '19', '2', '3', '60', '18'), ('1201', '20', '2', '3', '60', '18'), ('1202', '13', '2', '3', '60', '18'), ('1203', '14', '2', '3', '60', '18'), ('1204', '15', '2', '3', '60', '18'), ('1205', '16', '2', '3', '60', '18'), ('1206', '17', '2', '3', '60', '18'), ('1207', '18', '2', '3', '60', '18'), ('1208', '19', '2', '3', '60', '18'), ('1209', '20', '2', '3', '60', '18'), ('1210', '1', '2', '4', '60', '18'), ('1211', '2', '2', '4', '60', '18'), ('1212', '3', '2', '4', '60', '18'), ('1213', '4', '2', '4', '60', '18'), ('1214', '5', '2', '4', '60', '18'), ('1215', '6', '2', '4', '60', '18'), ('1216', '7', '2', '4', '60', '18'), ('1217', '8', '2', '4', '60', '18'), ('1218', '9', '2', '4', '60', '18'), ('1219', '10', '2', '4', '60', '18'), ('1220', '11', '2', '4', '60', '18'), ('1221', '12', '2', '4', '60', '18'), ('1222', '13', '2', '4', '60', '18'), ('1223', '14', '2', '4', '60', '18'), ('1224', '15', '2', '4', '60', '18'), ('1225', '16', '2', '4', '60', '18'), ('1226', '17', '2', '4', '60', '18'), ('1227', '18', '2', '4', '60', '18'), ('1228', '19', '2', '4', '60', '18'), ('1229', '20', '2', '4', '60', '18'), ('1230', '1', '2', '5', '60', '18'), ('1231', '2', '2', '5', '60', '18'), ('1232', '3', '2', '5', '60', '18'), ('1233', '4', '2', '5', '60', '18'), ('1234', '5', '2', '5', '60', '18'), ('1235', '6', '2', '5', '60', '18'), ('1236', '7', '2', '5', '60', '18'), ('1237', '8', '2', '5', '60', '18'), ('1238', '9', '2', '5', '60', '18'), ('1239', '10', '2', '5', '60', '18'), ('1240', '11', '2', '5', '60', '18'), ('1241', '12', '2', '5', '60', '18'), ('1242', '13', '2', '5', '60', '18'), ('1243', '14', '2', '5', '60', '18'), ('1244', '15', '2', '5', '60', '18'), ('1245', '16', '2', '5', '60', '18'), ('1246', '17', '2', '5', '60', '18'), ('1247', '18', '2', '5', '60', '18'), ('1248', '19', '2', '5', '60', '18'), ('1249', '20', '2', '5', '60', '18'), ('1250', '1', '4', '3', '60', '18'), ('1251', '2', '4', '3', '60', '18'), ('1252', '3', '4', '3', '60', '18'), ('1253', '4', '4', '3', '60', '18'), ('1254', '5', '4', '3', '60', '18'), ('1255', '6', '4', '3', '60', '18'), ('1256', '7', '4', '3', '60', '18'), ('1257', '8', '4', '3', '60', '18'), ('1258', '9', '4', '3', '60', '18'), ('1259', '10', '4', '3', '60', '18'), ('1260', '11', '4', '3', '60', '18'), ('1261', '12', '4', '3', '60', '18'), ('1262', '13', '4', '3', '60', '18'), ('1263', '14', '4', '3', '60', '18'), ('1264', '15', '4', '3', '60', '18'), ('1265', '16', '4', '3', '60', '18'), ('1266', '17', '4', '3', '60', '18'), ('1267', '18', '4', '3', '60', '18'), ('1268', '19', '4', '3', '60', '18'), ('1269', '20', '4', '3', '60', '18'), ('1270', '1', '4', '4', '60', '18'), ('1271', '2', '4', '4', '60', '18'), ('1272', '3', '4', '4', '60', '18'), ('1273', '4', '4', '4', '60', '18'), ('1274', '5', '4', '4', '60', '18'), ('1275', '6', '4', '4', '60', '18'), ('1276', '7', '4', '4', '60', '18'), ('1277', '8', '4', '4', '60', '18'), ('1278', '9', '4', '4', '60', '18'), ('1279', '10', '4', '4', '60', '18'), ('1280', '11', '4', '4', '60', '18'), ('1281', '12', '4', '4', '60', '18'), ('1282', '13', '4', '4', '60', '18'), ('1283', '14', '4', '4', '60', '18'), ('1284', '15', '4', '4', '60', '18'), ('1285', '16', '4', '4', '60', '18'), ('1286', '17', '4', '4', '60', '18'), ('1287', '18', '4', '4', '60', '18'), ('1288', '19', '4', '4', '60', '18'), ('1289', '20', '4', '4', '60', '18'), ('1290', '1', '4', '5', '60', '18'), ('1291', '2', '4', '5', '60', '18'), ('1292', '3', '4', '5', '60', '18'), ('1293', '4', '4', '5', '60', '18'), ('1294', '5', '4', '5', '60', '18'), ('1295', '6', '4', '5', '60', '18'), ('1296', '7', '4', '5', '60', '18'), ('1297', '8', '4', '5', '60', '18'), ('1298', '9', '4', '5', '60', '18'), ('1299', '10', '4', '5', '60', '18'), ('1300', '11', '4', '5', '60', '18'), ('1301', '12', '4', '5', '60', '18'), ('1302', '13', '4', '5', '60', '18'), ('1303', '14', '4', '5', '60', '18'), ('1304', '15', '4', '5', '60', '18'), ('1305', '16', '4', '5', '60', '18'), ('1306', '17', '4', '5', '60', '18'), ('1307', '18', '4', '5', '60', '18'), ('1308', '19', '4', '5', '60', '18'), ('1309', '20', '4', '5', '60', '18'), ('1461', '4', '1', '1', '52', '18'), ('1462', '5', '1', '1', '52', '18'), ('1463', '6', '1', '1', '52', '18'), ('1464', '7', '1', '1', '52', '18'), ('1465', '8', '1', '1', '52', '18'), ('1466', '9', '1', '1', '52', '18'), ('1467', '10', '1', '1', '52', '18'), ('1468', '11', '1', '1', '52', '18'), ('1469', '12', '1', '1', '52', '18'), ('1470', '13', '1', '1', '52', '18'), ('1471', '14', '1', '1', '52', '18'), ('1472', '15', '1', '1', '52', '18'), ('1473', '16', '1', '1', '52', '18'), ('1474', '17', '1', '1', '52', '18'), ('1475', '18', '1', '1', '52', '18'), ('1476', '19', '1', '1', '52', '18'), ('1477', '5', '4', '2', '52', '18'), ('1478', '7', '4', '2', '52', '18'), ('1479', '9', '4', '2', '52', '18'), ('1480', '11', '4', '2', '52', '18'), ('1481', '13', '4', '2', '52', '18'), ('1482', '15', '4', '2', '52', '18'), ('1483', '17', '4', '2', '52', '18'), ('1484', '19', '4', '2', '52', '18'), ('1485', '4', '1', '4', '54', '18'), ('1486', '5', '1', '4', '54', '18'), ('1487', '6', '1', '4', '54', '18'), ('1488', '7', '1', '4', '54', '18'), ('1489', '8', '1', '4', '54', '18'), ('1490', '9', '1', '4', '54', '18'), ('1491', '10', '1', '4', '54', '18'), ('1492', '11', '1', '4', '54', '18'), ('1493', '12', '1', '4', '54', '18'), ('1494', '13', '1', '4', '54', '18'), ('1495', '14', '1', '4', '54', '18'), ('1496', '15', '1', '4', '54', '18'), ('1497', '16', '1', '4', '54', '18'), ('1498', '17', '1', '4', '54', '18'), ('1499', '18', '1', '4', '54', '18'), ('1500', '19', '1', '4', '54', '18'), ('1501', '4', '3', '1', '54', '18'), ('1502', '6', '3', '1', '54', '18'), ('1503', '8', '3', '1', '54', '18'), ('1504', '10', '3', '1', '54', '18'), ('1505', '12', '3', '1', '54', '18'), ('1506', '14', '3', '1', '54', '18'), ('1507', '16', '3', '1', '54', '18'), ('1508', '18', '3', '1', '54', '18'), ('1509', '4', '3', '3', '58', '18'), ('1510', '5', '3', '3', '58', '18'), ('1511', '6', '3', '3', '58', '18'), ('1512', '7', '3', '3', '58', '18'), ('1513', '8', '3', '3', '58', '18'), ('1514', '9', '3', '3', '58', '18'), ('1515', '10', '3', '3', '58', '18'), ('1516', '11', '3', '3', '58', '18'), ('1517', '12', '3', '3', '58', '18'), ('1518', '13', '3', '3', '58', '18'), ('1519', '14', '3', '3', '58', '18'), ('1520', '15', '3', '3', '58', '18'), ('1521', '16', '3', '3', '58', '18'), ('1522', '17', '3', '3', '58', '18'), ('1523', '18', '3', '3', '58', '18'), ('1524', '19', '3', '3', '58', '18'), ('1536', '5', '5', '2', '58', '18'), ('1537', '7', '5', '2', '58', '18'), ('1538', '9', '5', '2', '58', '18'), ('1539', '11', '5', '2', '58', '18'), ('1540', '13', '5', '2', '58', '18'), ('1541', '15', '5', '2', '58', '18'), ('1542', '17', '5', '2', '58', '18'), ('1543', '19', '5', '2', '58', '18'), ('1566', '5', '3', '4', '61', '18'), ('1567', '6', '3', '4', '61', '18'), ('1568', '7', '3', '4', '61', '18'), ('1569', '8', '3', '4', '61', '18'), ('1570', '9', '3', '4', '61', '18'), ('1571', '10', '3', '4', '61', '18'), ('1572', '11', '3', '4', '61', '18'), ('1573', '12', '3', '4', '61', '18'), ('1574', '13', '3', '4', '61', '18'), ('1575', '14', '3', '4', '61', '18'), ('1576', '15', '3', '4', '61', '18'), ('1577', '16', '3', '4', '61', '18'), ('1578', '17', '3', '4', '61', '18'), ('1579', '18', '3', '4', '61', '18'), ('1580', '19', '3', '4', '61', '18'), ('1581', '5', '5', '1', '61', '18'), ('1582', '6', '5', '1', '61', '18'), ('1583', '7', '5', '1', '61', '18'), ('1584', '8', '5', '1', '61', '18'), ('1585', '9', '5', '1', '61', '18'), ('1586', '10', '5', '1', '61', '18'), ('1587', '11', '5', '1', '61', '18'), ('1588', '12', '5', '1', '61', '18'), ('1589', '13', '5', '1', '61', '18'), ('1590', '14', '5', '1', '61', '18'), ('1591', '15', '5', '1', '61', '18'), ('1592', '16', '5', '1', '61', '18'), ('1593', '17', '5', '1', '61', '18'), ('1594', '18', '5', '1', '61', '18'), ('1595', '19', '5', '1', '61', '18'), ('1596', '4', '2', '2', '56', '18'), ('1597', '6', '2', '2', '56', '18'), ('1598', '8', '2', '2', '56', '18'), ('1599', '10', '2', '2', '56', '18'), ('1600', '12', '2', '2', '56', '18'), ('1601', '14', '2', '2', '56', '18'), ('1602', '16', '2', '2', '56', '18'), ('1603', '18', '2', '2', '56', '18'), ('1604', '4', '3', '2', '56', '18'), ('1605', '5', '3', '2', '56', '18'), ('1606', '6', '3', '2', '56', '18'), ('1607', '7', '3', '2', '56', '18'), ('1608', '8', '3', '2', '56', '18'), ('1609', '9', '3', '2', '56', '18'), ('1610', '10', '3', '2', '56', '18'), ('1611', '11', '3', '2', '56', '18'), ('1612', '12', '3', '2', '56', '18'), ('1613', '13', '3', '2', '56', '18'), ('1614', '14', '3', '2', '56', '18'), ('1615', '15', '3', '2', '56', '18'), ('1616', '16', '3', '2', '56', '18'), ('1617', '17', '3', '2', '56', '18'), ('1618', '18', '3', '2', '56', '18'), ('1619', '19', '3', '2', '56', '18'), ('1620', '4', '2', '1', '55', '18'), ('1621', '5', '2', '1', '55', '18'), ('1622', '6', '2', '1', '55', '18'), ('1623', '7', '2', '1', '55', '18'), ('1624', '8', '2', '1', '55', '18'), ('1625', '9', '2', '1', '55', '18'), ('1626', '10', '2', '1', '55', '18'), ('1627', '11', '2', '1', '55', '18'), ('1628', '12', '2', '1', '55', '18'), ('1629', '13', '2', '1', '55', '18'), ('1630', '14', '2', '1', '55', '18'), ('1631', '15', '2', '1', '55', '18'), ('1632', '16', '2', '1', '55', '18'), ('1633', '17', '2', '1', '55', '18'), ('1634', '18', '2', '1', '55', '18'), ('1635', '19', '2', '1', '55', '18'), ('1636', '4', '1', '2', '53', '18'), ('1637', '6', '1', '2', '53', '18'), ('1638', '8', '1', '2', '53', '18'), ('1639', '10', '1', '2', '53', '18'), ('1640', '12', '1', '2', '53', '18'), ('1641', '14', '1', '2', '53', '18'), ('1642', '16', '1', '2', '53', '18'), ('1643', '18', '1', '2', '53', '18'), ('1644', '4', '4', '1', '53', '18'), ('1645', '5', '4', '1', '53', '18'), ('1646', '6', '4', '1', '53', '18'), ('1647', '7', '4', '1', '53', '18'), ('1648', '8', '4', '1', '53', '18'), ('1649', '9', '4', '1', '53', '18'), ('1650', '10', '4', '1', '53', '18'), ('1651', '11', '4', '1', '53', '18'), ('1652', '12', '4', '1', '53', '18'), ('1653', '13', '4', '1', '53', '18'), ('1654', '14', '4', '1', '53', '18'), ('1655', '15', '4', '1', '53', '18'), ('1656', '16', '4', '1', '53', '18'), ('1657', '17', '4', '1', '53', '18'), ('1658', '18', '4', '1', '53', '18'), ('1659', '19', '4', '1', '53', '18'), ('1660', '5', '2', '2', '57', '18'), ('1661', '7', '2', '2', '57', '18'), ('1662', '9', '2', '2', '57', '18'), ('1663', '11', '2', '2', '57', '18'), ('1664', '13', '2', '2', '57', '18'), ('1665', '15', '2', '2', '57', '18'), ('1666', '17', '2', '2', '57', '18'), ('1667', '19', '2', '2', '57', '18'), ('1668', '4', '4', '4', '57', '18'), ('1669', '5', '4', '4', '57', '18'), ('1670', '6', '4', '4', '57', '18'), ('1671', '7', '4', '4', '57', '18'), ('1672', '8', '4', '4', '57', '18'), ('1673', '9', '4', '4', '57', '18'), ('1674', '10', '4', '4', '57', '18'), ('1675', '11', '4', '4', '57', '18'), ('1676', '12', '4', '4', '57', '18'), ('1677', '13', '4', '4', '57', '18'), ('1678', '14', '4', '4', '57', '18'), ('1679', '15', '4', '4', '57', '18'), ('1680', '16', '4', '4', '57', '18'), ('1681', '17', '4', '4', '57', '18'), ('1682', '18', '4', '4', '57', '18'), ('1683', '19', '4', '4', '57', '18'), ('1699', '1', '4', '5', '63', '18'), ('1700', '2', '4', '5', '63', '18'), ('1701', '3', '4', '5', '63', '18'), ('1702', '4', '4', '5', '63', '18'), ('1703', '5', '4', '5', '63', '18'), ('1704', '6', '4', '5', '63', '18'), ('1705', '7', '4', '5', '63', '18'), ('1706', '8', '4', '5', '63', '18'), ('1707', '9', '4', '5', '63', '18'), ('1708', '10', '4', '5', '63', '18'), ('1709', '11', '4', '5', '63', '18'), ('1710', '12', '4', '5', '63', '18'), ('1711', '13', '4', '5', '63', '18'), ('1712', '14', '4', '5', '63', '18'), ('1713', '15', '4', '5', '63', '18'), ('1714', '1', '4', '3', '46', '18'), ('1715', '2', '4', '3', '46', '18'), ('1716', '3', '4', '3', '46', '18'), ('1717', '4', '4', '3', '46', '18'), ('1718', '5', '4', '3', '46', '18'), ('1719', '6', '4', '3', '46', '18'), ('1720', '7', '4', '3', '46', '18'), ('1721', '8', '4', '3', '46', '18'), ('1722', '9', '4', '3', '46', '18'), ('1723', '10', '4', '3', '46', '18'), ('1724', '11', '4', '3', '46', '18'), ('1725', '12', '4', '3', '46', '18'), ('1726', '13', '4', '3', '46', '18'), ('1727', '14', '4', '3', '46', '18'), ('1728', '15', '4', '3', '46', '18'), ('1729', '16', '4', '3', '46', '18'), ('1730', '17', '4', '3', '46', '18'), ('1731', '18', '4', '3', '46', '18'), ('1732', '20', '4', '3', '46', '18'), ('1733', '13', '5', '3', '65', '18'), ('1734', '13', '5', '4', '65', '18'), ('1735', '14', '1', '3', '66', '18'), ('1736', '17', '1', '3', '66', '18'), ('1737', '14', '1', '4', '66', '18'), ('1738', '17', '1', '4', '66', '18'), ('1742', '15', '3', '3', '70', '18'), ('1743', '16', '3', '3', '70', '18'), ('1744', '17', '3', '3', '70', '18'), ('1747', '16', '2', '4', '72', '18'), ('1748', '16', '2', '5', '72', '18'), ('1749', '1', '4', '3', '79', '18'), ('1750', '2', '4', '3', '79', '18'), ('1751', '3', '4', '3', '79', '18'), ('1752', '4', '4', '3', '79', '18'), ('1753', '5', '4', '3', '79', '18'), ('1754', '6', '4', '3', '79', '18'), ('1755', '7', '4', '3', '79', '18'), ('1756', '8', '4', '3', '79', '18'), ('1757', '9', '4', '3', '79', '18'), ('1758', '10', '4', '3', '79', '18'), ('1759', '11', '4', '3', '79', '18'), ('1760', '12', '4', '3', '79', '18'), ('1761', '13', '4', '3', '79', '18'), ('1762', '14', '4', '3', '79', '18'), ('1763', '15', '4', '3', '79', '18'), ('1764', '16', '4', '3', '79', '18'), ('1765', '1', '2', '3', '76', '18'), ('1766', '2', '2', '3', '76', '18'), ('1767', '3', '2', '3', '76', '18'), ('1768', '4', '2', '3', '76', '18'), ('1769', '5', '2', '3', '76', '18'), ('1770', '6', '2', '3', '76', '18'), ('1771', '7', '2', '3', '76', '18'), ('1772', '8', '2', '3', '76', '18'), ('1773', '9', '2', '3', '76', '18'), ('1774', '10', '2', '3', '76', '18'), ('1775', '11', '2', '3', '76', '18'), ('1776', '12', '2', '3', '76', '18'), ('1777', '13', '2', '3', '76', '18'), ('1778', '14', '2', '3', '76', '18'), ('1779', '15', '2', '3', '76', '18'), ('1780', '16', '2', '3', '76', '18'), ('1781', '1', '1', '4', '74', '18'), ('1782', '2', '1', '4', '74', '18'), ('1783', '3', '1', '4', '74', '18'), ('1784', '4', '1', '4', '74', '18'), ('1785', '5', '1', '4', '74', '18'), ('1786', '6', '1', '4', '74', '18'), ('1787', '7', '1', '4', '74', '18'), ('1788', '8', '1', '4', '74', '18'), ('1789', '9', '1', '4', '74', '18'), ('1790', '10', '1', '4', '74', '18'), ('1791', '11', '1', '4', '74', '18'), ('1792', '12', '1', '4', '74', '18'), ('1793', '1', '3', '3', '74', '18'), ('1794', '2', '3', '3', '74', '18'), ('1795', '3', '3', '3', '74', '18'), ('1796', '4', '3', '3', '74', '18'), ('1797', '5', '3', '3', '74', '18'), ('1798', '6', '3', '3', '74', '18'), ('1799', '7', '3', '3', '74', '18'), ('1800', '8', '3', '3', '74', '18'), ('1801', '9', '3', '3', '74', '18'), ('1802', '10', '3', '3', '74', '18'), ('1803', '11', '3', '3', '74', '18'), ('1804', '12', '3', '3', '74', '18'), ('1829', '1', '2', '1', '75', '18'), ('1830', '2', '2', '1', '75', '18'), ('1831', '3', '2', '1', '75', '18'), ('1832', '4', '2', '1', '75', '18'), ('1833', '5', '2', '1', '75', '18'), ('1834', '6', '2', '1', '75', '18'), ('1835', '7', '2', '1', '75', '18'), ('1836', '8', '2', '1', '75', '18'), ('1837', '9', '2', '1', '75', '18'), ('1838', '10', '2', '1', '75', '18'), ('1839', '11', '2', '1', '75', '18'), ('1840', '12', '2', '1', '75', '18'), ('1841', '13', '2', '1', '75', '18'), ('1842', '14', '2', '1', '75', '18'), ('1843', '15', '2', '1', '75', '18'), ('1844', '16', '2', '1', '75', '18'), ('1845', '11', '6', '2', '75', '18'), ('1846', '12', '6', '2', '75', '18'), ('1847', '13', '6', '2', '75', '18'), ('1848', '14', '6', '2', '75', '18'), ('1849', '9', '3', '1', '77', '18'), ('1850', '10', '3', '1', '77', '18'), ('1851', '11', '3', '1', '77', '18'), ('1852', '12', '3', '1', '77', '18'), ('1853', '13', '3', '1', '77', '18'), ('1854', '14', '3', '1', '77', '18'), ('1855', '15', '3', '1', '77', '18'), ('1856', '16', '3', '1', '77', '18'), ('1857', '1', '5', '1', '77', '18'), ('1858', '2', '5', '1', '77', '18'), ('1859', '3', '5', '1', '77', '18'), ('1860', '4', '5', '1', '77', '18'), ('1861', '5', '5', '1', '77', '18'), ('1862', '6', '5', '1', '77', '18'), ('1863', '7', '5', '1', '77', '18'), ('1864', '8', '5', '1', '77', '18'), ('1865', '9', '5', '1', '77', '18'), ('1866', '10', '5', '1', '77', '18'), ('1867', '11', '5', '1', '77', '18'), ('1868', '12', '5', '1', '77', '18'), ('1869', '13', '5', '1', '77', '18'), ('1870', '14', '5', '1', '77', '18'), ('1871', '15', '5', '1', '77', '18'), ('1872', '16', '5', '1', '77', '18'), ('1873', '1', '4', '2', '78', '18'), ('1874', '2', '4', '2', '78', '18'), ('1875', '3', '4', '2', '78', '18'), ('1876', '4', '4', '2', '78', '18'), ('1877', '5', '4', '2', '78', '18'), ('1878', '6', '4', '2', '78', '18'), ('1879', '7', '4', '2', '78', '18'), ('1880', '8', '4', '2', '78', '18'), ('1881', '9', '4', '2', '78', '18'), ('1882', '10', '4', '2', '78', '18'), ('1883', '11', '4', '2', '78', '18'), ('1884', '12', '4', '2', '78', '18'), ('1885', '13', '4', '2', '78', '18'), ('1886', '14', '4', '2', '78', '18'), ('1887', '11', '6', '4', '78', '18'), ('1888', '12', '6', '4', '78', '18'), ('1889', '13', '6', '4', '78', '18'), ('1890', '14', '6', '4', '78', '18'), ('1891', '1', '1', '1', '82', '22'), ('1892', '2', '1', '1', '82', '22'), ('1893', '3', '1', '1', '82', '22'), ('1894', '4', '1', '1', '82', '22'), ('1895', '5', '1', '1', '82', '22'), ('1896', '6', '1', '1', '82', '22'), ('1897', '7', '1', '1', '82', '22'), ('1898', '8', '1', '1', '82', '22'), ('1899', '1', '2', '2', '80', '22'), ('1900', '2', '2', '2', '80', '22'), ('1901', '3', '2', '2', '80', '22'), ('1902', '4', '2', '2', '80', '22'), ('1903', '5', '2', '2', '80', '22'), ('1904', '6', '2', '2', '80', '22'), ('1905', '7', '2', '2', '80', '22'), ('1906', '8', '2', '2', '80', '22'), ('1907', '9', '2', '2', '80', '22'), ('1908', '10', '2', '2', '80', '22'), ('1909', '11', '2', '2', '80', '22'), ('1910', '12', '2', '2', '80', '22'), ('1911', '13', '2', '2', '80', '22'), ('1912', '14', '2', '2', '80', '22'), ('1913', '15', '2', '2', '80', '22'), ('1945', '1', '2', '3', '81', '22'), ('1946', '2', '2', '3', '81', '22'), ('1947', '3', '2', '3', '81', '22'), ('1948', '4', '2', '3', '81', '22'), ('1949', '5', '2', '3', '81', '22'), ('1950', '6', '2', '3', '81', '22'), ('1951', '7', '2', '3', '81', '22'), ('1952', '8', '2', '3', '81', '22'), ('1953', '9', '2', '3', '81', '22'), ('1954', '10', '2', '3', '81', '22'), ('1955', '11', '2', '3', '81', '22'), ('1956', '12', '2', '3', '81', '22'), ('1957', '13', '2', '3', '81', '22'), ('1958', '14', '2', '3', '81', '22'), ('1959', '15', '2', '3', '81', '22'), ('1960', '1', '4', '3', '38', '22'), ('1961', '2', '4', '3', '38', '22'), ('1962', '3', '4', '3', '38', '22'), ('1963', '4', '4', '3', '38', '22'), ('1964', '5', '4', '3', '38', '22'), ('1965', '6', '4', '3', '38', '22'), ('1966', '7', '4', '3', '38', '22'), ('1967', '8', '4', '3', '38', '22'), ('1968', '9', '4', '3', '38', '22'), ('1969', '10', '4', '3', '38', '22'), ('1970', '11', '4', '3', '38', '22'), ('1971', '12', '4', '3', '38', '22'), ('1972', '13', '4', '3', '38', '22'), ('1973', '14', '4', '3', '38', '22'), ('1974', '15', '4', '3', '38', '22'), ('1975', '1', '6', '3', '38', '22'), ('1976', '2', '6', '3', '38', '22'), ('1977', '3', '6', '3', '38', '22'), ('1978', '4', '6', '3', '38', '22'), ('1979', '5', '6', '3', '38', '22'), ('1980', '6', '6', '3', '38', '22'), ('1981', '7', '6', '3', '38', '22'), ('1982', '8', '6', '3', '38', '22'), ('1983', '9', '6', '3', '38', '22'), ('1984', '10', '6', '3', '38', '22'), ('1985', '11', '6', '3', '38', '22'), ('1986', '12', '6', '3', '38', '22'), ('1987', '13', '6', '3', '38', '22'), ('1988', '14', '6', '3', '38', '22'), ('1989', '15', '6', '3', '38', '22'), ('1990', '1', '2', '1', '84', '22'), ('1991', '2', '2', '1', '84', '22'), ('1992', '3', '2', '1', '84', '22'), ('1993', '4', '2', '1', '84', '22'), ('1994', '5', '2', '1', '84', '22'), ('1995', '6', '2', '1', '84', '22'), ('1996', '7', '2', '1', '84', '22'), ('1997', '8', '2', '1', '84', '22'), ('1998', '9', '2', '1', '84', '22'), ('1999', '10', '2', '1', '84', '22'), ('2000', '11', '2', '1', '84', '22'), ('2001', '12', '2', '1', '84', '22'), ('2002', '13', '2', '1', '84', '22'), ('2003', '14', '2', '1', '84', '22'), ('2004', '15', '2', '1', '84', '22'), ('2005', '16', '2', '1', '84', '22'), ('2006', '1', '2', '1', '84', '22'), ('2007', '2', '2', '1', '84', '22'), ('2008', '3', '2', '1', '84', '22'), ('2009', '4', '2', '1', '84', '22'), ('2010', '5', '2', '1', '84', '22'), ('2011', '6', '2', '1', '84', '22'), ('2012', '7', '2', '1', '84', '22'), ('2013', '8', '2', '1', '84', '22'), ('2014', '9', '2', '1', '84', '22'), ('2015', '10', '2', '1', '84', '22'), ('2016', '11', '2', '1', '84', '22'), ('2017', '12', '2', '1', '84', '22'), ('2018', '13', '2', '1', '84', '22'), ('2019', '14', '2', '1', '84', '22'), ('2020', '15', '2', '1', '84', '22'), ('2021', '16', '2', '1', '84', '22'), ('2022', '1', '2', '2', '85', '22'), ('2023', '2', '2', '2', '85', '22'), ('2024', '3', '2', '2', '85', '22'), ('2025', '4', '2', '2', '85', '22'), ('2026', '5', '2', '2', '85', '22'), ('2027', '6', '2', '2', '85', '22'), ('2028', '7', '2', '2', '85', '22'), ('2029', '8', '2', '2', '85', '22'), ('2030', '1', '2', '3', '86', '22'), ('2031', '2', '2', '3', '86', '22'), ('2032', '3', '2', '3', '86', '22'), ('2033', '4', '2', '3', '86', '22'), ('2034', '5', '2', '3', '86', '22'), ('2035', '6', '2', '3', '86', '22'), ('2036', '7', '2', '3', '86', '22'), ('2037', '8', '2', '3', '86', '22'), ('2038', '1', '3', '2', '82', '22'), ('2039', '2', '3', '2', '82', '22'), ('2040', '3', '3', '2', '82', '22'), ('2041', '4', '3', '2', '82', '22'), ('2042', '5', '3', '2', '82', '22'), ('2043', '6', '3', '2', '82', '22'), ('2044', '7', '3', '2', '82', '22'), ('2045', '8', '3', '2', '82', '22'), ('2046', '1', '4', '1', '85', '22'), ('2047', '2', '4', '1', '85', '22'), ('2048', '3', '4', '1', '85', '22'), ('2049', '4', '4', '1', '85', '22'), ('2050', '5', '4', '1', '85', '22'), ('2051', '6', '4', '1', '85', '22'), ('2052', '7', '4', '1', '85', '22'), ('2053', '8', '4', '1', '85', '22'), ('2054', '1', '4', '2', '87', '22'), ('2055', '2', '4', '2', '87', '22'), ('2056', '3', '4', '2', '87', '22'), ('2057', '4', '4', '2', '87', '22'), ('2058', '5', '4', '2', '87', '22'), ('2059', '6', '4', '2', '87', '22'), ('2060', '7', '4', '2', '87', '22'), ('2061', '8', '4', '2', '87', '22'), ('2062', '9', '4', '2', '87', '22'), ('2063', '10', '4', '2', '87', '22'), ('2064', '11', '4', '2', '87', '22'), ('2065', '12', '4', '2', '87', '22'), ('2066', '13', '4', '2', '87', '22'), ('2067', '14', '4', '2', '87', '22'), ('2068', '15', '4', '2', '87', '22'), ('2069', '16', '4', '2', '87', '22'), ('2070', '1', '5', '1', '86', '22'), ('2071', '2', '5', '1', '86', '22'), ('2072', '3', '5', '1', '86', '22'), ('2073', '4', '5', '1', '86', '22'), ('2074', '5', '5', '1', '86', '22'), ('2075', '6', '5', '1', '86', '22'), ('2076', '7', '5', '1', '86', '22'), ('2077', '8', '5', '1', '86', '22'), ('2078', '1', '5', '2', '88', '22'), ('2079', '2', '5', '2', '88', '22'), ('2080', '3', '5', '2', '88', '22'), ('2081', '4', '5', '2', '88', '22'), ('2082', '5', '5', '2', '88', '22'), ('2083', '6', '5', '2', '88', '22'), ('2084', '7', '5', '2', '88', '22'), ('2085', '8', '5', '2', '88', '22'), ('2086', '9', '5', '2', '88', '22'), ('2087', '10', '5', '2', '88', '22'), ('2088', '11', '5', '2', '88', '22'), ('2089', '12', '5', '2', '88', '22'), ('2090', '13', '5', '2', '88', '22'), ('2091', '14', '5', '2', '88', '22'), ('2092', '15', '5', '2', '88', '22'), ('2093', '16', '5', '2', '88', '22'), ('2118', '1', '1', '3', '90', '22'), ('2119', '2', '1', '3', '90', '22'), ('2120', '3', '1', '3', '90', '22'), ('2121', '4', '1', '3', '90', '22'), ('2122', '5', '1', '3', '90', '22'), ('2123', '6', '1', '3', '90', '22'), ('2124', '7', '1', '3', '90', '22'), ('2125', '8', '1', '3', '90', '22'), ('2126', '9', '1', '3', '90', '22'), ('2127', '10', '1', '3', '90', '22'), ('2128', '11', '1', '3', '90', '22'), ('2129', '12', '1', '3', '90', '22'), ('2130', '1', '3', '4', '90', '22'), ('2131', '2', '3', '4', '90', '22'), ('2132', '3', '3', '4', '90', '22'), ('2133', '4', '3', '4', '90', '22'), ('2134', '5', '3', '4', '90', '22'), ('2135', '6', '3', '4', '90', '22'), ('2136', '7', '3', '4', '90', '22'), ('2137', '8', '3', '4', '90', '22'), ('2138', '9', '3', '4', '90', '22'), ('2139', '10', '3', '4', '90', '22'), ('2140', '11', '3', '4', '90', '22'), ('2141', '12', '3', '4', '90', '22'), ('2150', '5', '2', '1', '77', '22'), ('2151', '6', '2', '1', '77', '22'), ('2152', '7', '2', '1', '77', '22'), ('2153', '8', '2', '1', '77', '22'), ('2154', '9', '2', '1', '77', '22'), ('2155', '10', '2', '1', '77', '22'), ('2156', '11', '2', '1', '77', '22'), ('2157', '12', '2', '1', '77', '22'), ('2158', '13', '2', '1', '77', '22'), ('2159', '14', '2', '1', '77', '22'), ('2160', '15', '2', '1', '77', '22'), ('2161', '16', '2', '1', '77', '22'), ('2162', '5', '5', '1', '77', '22'), ('2163', '6', '5', '1', '77', '22'), ('2164', '7', '5', '1', '77', '22'), ('2165', '8', '5', '1', '77', '22'), ('2166', '9', '5', '1', '77', '22'), ('2167', '10', '5', '1', '77', '22'), ('2168', '11', '5', '1', '77', '22'), ('2169', '12', '5', '1', '77', '22'), ('2170', '13', '5', '1', '77', '22'), ('2171', '14', '5', '1', '77', '22'), ('2172', '15', '5', '1', '77', '22'), ('2173', '16', '5', '1', '77', '22'), ('2174', '1', '2', '3', '78', '22'), ('2175', '2', '2', '3', '78', '22'), ('2176', '3', '2', '3', '78', '22'), ('2177', '4', '2', '3', '78', '22'), ('2178', '5', '2', '3', '78', '22'), ('2179', '6', '2', '3', '78', '22'), ('2180', '7', '2', '3', '78', '22'), ('2181', '8', '2', '3', '78', '22'), ('2182', '9', '2', '3', '78', '22'), ('2183', '10', '2', '3', '78', '22'), ('2184', '11', '2', '3', '78', '22'), ('2185', '12', '2', '3', '78', '22'), ('2186', '13', '2', '3', '78', '22'), ('2187', '14', '2', '3', '78', '22'), ('2188', '1', '6', '3', '78', '22'), ('2189', '2', '6', '3', '78', '22'), ('2190', '3', '6', '3', '78', '22'), ('2191', '4', '6', '3', '78', '22'), ('2192', '1', '3', '2', '75', '22'), ('2193', '2', '3', '2', '75', '22'), ('2194', '3', '3', '2', '75', '22'), ('2195', '4', '3', '2', '75', '22'), ('2196', '5', '3', '2', '75', '22'), ('2197', '6', '3', '2', '75', '22'), ('2198', '7', '3', '2', '75', '22'), ('2199', '8', '3', '2', '75', '22'), ('2200', '9', '3', '2', '75', '22'), ('2201', '10', '3', '2', '75', '22'), ('2202', '11', '3', '2', '75', '22'), ('2203', '12', '3', '2', '75', '22'), ('2204', '13', '3', '2', '75', '22'), ('2205', '14', '3', '2', '75', '22'), ('2206', '15', '3', '2', '75', '22'), ('2207', '16', '3', '2', '75', '22'), ('2208', '1', '6', '1', '75', '22'), ('2209', '2', '6', '1', '75', '22'), ('2210', '3', '6', '1', '75', '22'), ('2211', '4', '6', '1', '75', '22'), ('2212', '1', '4', '1', '92', '22'), ('2213', '2', '4', '1', '92', '22'), ('2214', '3', '4', '1', '92', '22'), ('2215', '4', '4', '1', '92', '22'), ('2216', '5', '4', '1', '92', '22'), ('2217', '6', '4', '1', '92', '22'), ('2218', '7', '4', '1', '92', '22'), ('2219', '8', '4', '1', '92', '22'), ('2220', '9', '4', '1', '92', '22'), ('2221', '10', '4', '1', '92', '22'), ('2222', '11', '4', '1', '92', '22'), ('2223', '12', '4', '1', '92', '22'), ('2224', '13', '4', '1', '92', '22'), ('2225', '14', '4', '1', '92', '22'), ('2226', '15', '4', '1', '92', '22'), ('2227', '16', '4', '1', '92', '22'), ('2228', '1', '6', '2', '92', '22'), ('2229', '2', '6', '2', '92', '22'), ('2230', '3', '6', '2', '92', '22'), ('2231', '4', '6', '2', '92', '22'), ('2248', '1', '1', '2', '93', '22'), ('2249', '2', '1', '2', '93', '22'), ('2250', '3', '1', '2', '93', '22'), ('2251', '4', '1', '2', '93', '22'), ('2252', '5', '1', '2', '93', '22'), ('2253', '6', '1', '2', '93', '22'), ('2254', '7', '1', '2', '93', '22'), ('2255', '8', '1', '2', '93', '22'), ('2256', '9', '1', '2', '93', '22'), ('2257', '10', '1', '2', '93', '22'), ('2258', '11', '1', '2', '93', '22'), ('2259', '12', '1', '2', '93', '22'), ('2260', '1', '4', '3', '93', '22'), ('2261', '2', '4', '3', '93', '22'), ('2262', '3', '4', '3', '93', '22'), ('2263', '4', '4', '3', '93', '22'), ('2264', '5', '4', '3', '93', '22'), ('2265', '6', '4', '3', '93', '22'), ('2266', '7', '4', '3', '93', '22'), ('2267', '8', '4', '3', '93', '22'), ('2268', '9', '4', '3', '93', '22'), ('2269', '10', '4', '3', '93', '22'), ('2270', '11', '4', '3', '93', '22'), ('2271', '12', '4', '3', '93', '22'), ('2278', '1', '2', '2', '47', '22'), ('2279', '2', '2', '2', '47', '22'), ('2280', '3', '2', '2', '47', '22'), ('2281', '4', '2', '2', '47', '22'), ('2282', '5', '2', '2', '47', '22'), ('2283', '6', '2', '2', '47', '22'), ('2284', '7', '2', '2', '47', '22'), ('2285', '8', '2', '2', '47', '22'), ('2286', '9', '2', '2', '47', '22'), ('2287', '10', '2', '2', '47', '22'), ('2288', '11', '2', '2', '47', '22'), ('2289', '12', '2', '2', '47', '22'), ('2290', '13', '2', '2', '47', '22'), ('2291', '14', '2', '2', '47', '22'), ('2292', '15', '2', '2', '47', '22'), ('2293', '16', '2', '2', '47', '22'), ('2323', '1', '4', '3', '79', '22'), ('2324', '2', '4', '3', '79', '22'), ('2325', '3', '4', '3', '79', '22'), ('2326', '4', '4', '3', '79', '22'), ('2327', '5', '4', '3', '79', '22'), ('2328', '6', '4', '3', '79', '22'), ('2329', '7', '4', '3', '79', '22'), ('2330', '8', '4', '3', '79', '22'), ('2331', '9', '4', '3', '79', '22'), ('2332', '10', '4', '3', '79', '22'), ('2333', '11', '4', '3', '79', '22'), ('2334', '12', '4', '3', '79', '22'), ('2335', '13', '4', '3', '79', '22'), ('2336', '14', '4', '3', '79', '22'), ('2337', '15', '4', '3', '79', '22'), ('2338', '16', '4', '3', '79', '22'), ('2339', '1', '5', '2', '77', '22'), ('2340', '2', '5', '2', '77', '22'), ('2341', '3', '5', '2', '77', '22'), ('2342', '4', '5', '2', '77', '22'), ('2343', '5', '5', '2', '77', '22'), ('2344', '6', '5', '2', '77', '22'), ('2345', '7', '5', '2', '77', '22'), ('2346', '8', '5', '2', '77', '22'), ('2347', '9', '5', '2', '77', '22'), ('2348', '10', '5', '2', '77', '22'), ('2349', '11', '5', '2', '77', '22'), ('2350', '12', '5', '2', '77', '22'), ('2351', '13', '5', '2', '77', '22'), ('2352', '14', '5', '2', '77', '22'), ('2353', '15', '5', '2', '77', '22'), ('2354', '16', '5', '2', '77', '22'), ('2355', '1', '2', '1', '75', '22'), ('2356', '2', '2', '1', '75', '22'), ('2357', '3', '2', '1', '75', '22'), ('2358', '4', '2', '1', '75', '22'), ('2359', '5', '2', '1', '75', '22'), ('2360', '6', '2', '1', '75', '22'), ('2361', '7', '2', '1', '75', '22'), ('2362', '8', '2', '1', '75', '22'), ('2363', '9', '2', '1', '75', '22'), ('2364', '10', '2', '1', '75', '22'), ('2365', '11', '2', '1', '75', '22'), ('2366', '12', '2', '1', '75', '22'), ('2367', '13', '2', '1', '75', '22'), ('2368', '14', '2', '1', '75', '22'), ('2369', '15', '2', '1', '75', '22'), ('2370', '16', '2', '1', '75', '22'), ('2371', '1', '1', '4', '74', '22'), ('2372', '2', '1', '4', '74', '22'), ('2373', '3', '1', '4', '74', '22'), ('2374', '4', '1', '4', '74', '22'), ('2375', '5', '1', '4', '74', '22'), ('2376', '6', '1', '4', '74', '22'), ('2377', '7', '1', '4', '74', '22'), ('2378', '8', '1', '4', '74', '22'), ('2379', '9', '1', '4', '74', '22'), ('2380', '10', '1', '4', '74', '22'), ('2381', '11', '1', '4', '74', '22'), ('2382', '12', '1', '4', '74', '22'), ('2383', '13', '1', '4', '74', '22'), ('2384', '14', '1', '4', '74', '22'), ('2385', '20', '1', '4', '74', '22'), ('2386', '1', '2', '3', '76', '22'), ('2387', '2', '2', '3', '76', '22'), ('2388', '3', '2', '3', '76', '22'), ('2389', '4', '2', '3', '76', '22'), ('2390', '5', '2', '3', '76', '22'), ('2391', '6', '2', '3', '76', '22'), ('2392', '7', '2', '3', '76', '22'), ('2393', '8', '2', '3', '76', '22'), ('2394', '9', '2', '3', '76', '22'), ('2395', '10', '2', '3', '76', '22'), ('2396', '11', '2', '3', '76', '22'), ('2397', '12', '2', '3', '76', '22'), ('2398', '13', '2', '3', '76', '22'), ('2399', '14', '2', '3', '76', '22'), ('2400', '15', '2', '3', '76', '22'), ('2401', '16', '2', '3', '76', '22'), ('2402', '1', '3', '3', '74', '22'), ('2403', '2', '3', '3', '74', '22'), ('2404', '3', '3', '3', '74', '22'), ('2405', '4', '3', '3', '74', '22'), ('2406', '5', '3', '3', '74', '22'), ('2407', '6', '3', '3', '74', '22'), ('2408', '7', '3', '3', '74', '22'), ('2409', '8', '3', '3', '74', '22'), ('2410', '9', '3', '3', '74', '22'), ('2411', '10', '3', '3', '74', '22'), ('2412', '11', '3', '3', '74', '22'), ('2413', '12', '3', '3', '74', '22'), ('2414', '1', '4', '2', '78', '22'), ('2415', '2', '4', '2', '78', '22'), ('2416', '3', '4', '2', '78', '22'), ('2417', '4', '4', '2', '78', '22'), ('2418', '5', '4', '2', '78', '22'), ('2419', '6', '4', '2', '78', '22'), ('2420', '7', '4', '2', '78', '22'), ('2421', '8', '4', '2', '78', '22'), ('2422', '9', '4', '2', '78', '22'), ('2423', '10', '4', '2', '78', '22'), ('2424', '11', '4', '2', '78', '22'), ('2425', '12', '4', '2', '78', '22'), ('2426', '13', '4', '2', '78', '22'), ('2427', '14', '4', '2', '78', '22'), ('2428', '11', '6', '4', '78', '22'), ('2429', '12', '6', '4', '78', '22'), ('2430', '13', '6', '4', '78', '22'), ('2431', '14', '6', '4', '78', '22'), ('2432', '11', '6', '2', '75', '22'), ('2433', '12', '6', '2', '75', '22'), ('2434', '13', '6', '2', '75', '22'), ('2435', '14', '6', '2', '75', '22'), ('2436', '1', '1', '1', '73', '22'), ('2437', '2', '1', '1', '73', '22'), ('2438', '3', '1', '1', '73', '22'), ('2439', '4', '1', '1', '73', '22'), ('2440', '5', '1', '1', '73', '22'), ('2441', '6', '1', '1', '73', '22'), ('2442', '7', '1', '1', '73', '22'), ('2443', '8', '1', '1', '73', '22'), ('2444', '9', '1', '1', '73', '22'), ('2445', '10', '1', '1', '73', '22'), ('2446', '11', '1', '1', '73', '22'), ('2447', '12', '1', '1', '73', '22'), ('2448', '13', '1', '1', '73', '22'), ('2449', '14', '1', '1', '73', '22'), ('2450', '15', '1', '1', '73', '22'), ('2451', '16', '1', '1', '73', '22'), ('2452', '2', '3', '2', '73', '22'), ('2453', '4', '3', '2', '73', '22'), ('2454', '6', '3', '2', '73', '22'), ('2455', '8', '3', '2', '73', '22'), ('2456', '10', '3', '2', '73', '22'), ('2457', '12', '3', '2', '73', '22'), ('2458', '14', '3', '2', '73', '22'), ('2459', '16', '3', '2', '73', '22'), ('2460', '5', '3', '3', '94', '22'), ('2461', '6', '3', '3', '94', '22'), ('2462', '7', '3', '3', '94', '22'), ('2463', '8', '3', '3', '94', '22'), ('2464', '9', '3', '3', '94', '22'), ('2465', '5', '1', '2', '95', '22'), ('2466', '6', '1', '2', '95', '22'), ('2467', '7', '1', '2', '95', '22'), ('2468', '8', '1', '2', '95', '22'), ('2469', '5', '3', '1', '95', '22'), ('2470', '6', '3', '1', '95', '22'), ('2471', '7', '3', '1', '95', '22'), ('2472', '8', '3', '1', '95', '22'), ('2473', '9', '3', '1', '95', '22'), ('2474', '9', '4', '1', '95', '22'), ('2483', '5', '1', '4', '97', '22'), ('2484', '6', '1', '4', '97', '22'), ('2485', '7', '1', '4', '97', '22'), ('2486', '8', '1', '4', '97', '22'), ('2487', '1', '1', '3', '83', '22'), ('2488', '2', '1', '3', '83', '22'), ('2489', '3', '1', '3', '83', '22'), ('2490', '4', '1', '3', '83', '22'), ('2491', '5', '1', '3', '83', '22'), ('2492', '6', '1', '3', '83', '22'), ('2493', '7', '1', '3', '83', '22'), ('2494', '8', '1', '3', '83', '22'), ('2495', '9', '1', '3', '83', '22'), ('2496', '10', '1', '3', '83', '22'), ('2497', '11', '1', '3', '83', '22'), ('2498', '12', '1', '3', '83', '22'), ('2499', '13', '1', '3', '83', '22'), ('2500', '14', '1', '3', '83', '22'), ('2501', '15', '1', '3', '83', '22'), ('2502', '16', '1', '3', '83', '22'), ('2503', '17', '1', '3', '83', '22'), ('2504', '18', '1', '3', '83', '22'), ('2505', '19', '1', '3', '83', '22'), ('2506', '20', '1', '3', '83', '22'), ('2507', '1', '1', '1', '98', '22'), ('2508', '2', '1', '1', '98', '22'), ('2509', '3', '1', '1', '98', '22'), ('2510', '4', '1', '1', '98', '22'), ('2511', '5', '1', '1', '98', '22'), ('2512', '6', '1', '1', '98', '22'), ('2513', '7', '1', '1', '98', '22'), ('2514', '8', '1', '1', '98', '22'), ('2515', '9', '1', '1', '98', '22'), ('2516', '10', '1', '1', '98', '22'), ('2517', '11', '1', '1', '98', '22'), ('2518', '12', '1', '1', '98', '22'), ('2519', '13', '1', '1', '98', '22'), ('2520', '15', '1', '1', '98', '22');
COMMIT;

-- ----------------------------
--  Table structure for `yunzhi_leave`
-- ----------------------------
DROP TABLE IF EXISTS `yunzhi_leave`;
CREATE TABLE `yunzhi_leave` (
  `id` int(11) NOT NULL AUTO_INCREMENT,
  `username` varchar(255) NOT NULL,
  `week` int(11) NOT NULL,
  `day` int(11) NOT NULL,
  `knob` int(11) NOT NULL,
  `term_id` int(11) NOT NULL,
  `reason` varchar(255) NOT NULL,
  `explain` varchar(255) DEFAULT NULL,
  PRIMARY KEY (`id`),
  KEY `leave_term_id` (`term_id`),
  KEY `leave_username` (`username`),
  CONSTRAINT `yunzhi_leave_ibfk_1` FOREIGN KEY (`term_id`) REFERENCES `yunzhi_term` (`id`) ON DELETE CASCADE ON UPDATE CASCADE,
  CONSTRAINT `yunzhi_leave_ibfk_2` FOREIGN KEY (`username`) REFERENCES `yunzhi_user` (`username`) ON DELETE CASCADE ON UPDATE CASCADE
) ENGINE=InnoDB AUTO_INCREMENT=59 DEFAULT CHARSET=utf8 ROW_FORMAT=COMPACT;

-- ----------------------------
--  Records of `yunzhi_leave`
-- ----------------------------
BEGIN;
INSERT INTO `yunzhi_leave` VALUES ('52', 'zhuchenshu', '3', '1', '1', '18', '病假', ''), ('53', 'zhuchenshu', '3', '2', '2', '18', '事假', ''), ('54', 'zhuchenshu', '3', '2', '4', '18', '事假', ''), ('55', 'zhuchenshu', '3', '2', '2', '18', '事假', ''), ('56', 'zhuchenshu', '3', '2', '4', '18', '事假', ''), ('57', 'zhuchenshu', '2', '2', '1', '18', '病假', ''), ('58', 'zhuchenshu', '2', '2', '3', '18', '病假', '');
COMMIT;

-- ----------------------------
--  Table structure for `yunzhi_overtime`
-- ----------------------------
DROP TABLE IF EXISTS `yunzhi_overtime`;
CREATE TABLE `yunzhi_overtime` (
  `id` int(11) NOT NULL AUTO_INCREMENT,
  `username` varchar(255) NOT NULL,
  `week` int(11) NOT NULL,
  `day` int(11) NOT NULL,
  `knob` int(11) NOT NULL,
  `term_id` int(11) NOT NULL,
  PRIMARY KEY (`id`),
  KEY `wm_username` (`username`),
  KEY `wm_term_id` (`term_id`),
  CONSTRAINT `yunzhi_overtime_ibfk_1` FOREIGN KEY (`term_id`) REFERENCES `yunzhi_term` (`id`) ON DELETE CASCADE ON UPDATE CASCADE,
  CONSTRAINT `yunzhi_overtime_ibfk_2` FOREIGN KEY (`username`) REFERENCES `yunzhi_user` (`username`) ON DELETE CASCADE ON UPDATE CASCADE
) ENGINE=InnoDB AUTO_INCREMENT=5 DEFAULT CHARSET=utf8 ROW_FORMAT=COMPACT;

-- ----------------------------
--  Records of `yunzhi_overtime`
-- ----------------------------
BEGIN;
INSERT INTO `yunzhi_overtime` VALUES ('1', 'poshichao', '3', '3', '3', '18'), ('4', 'zhuchenshu', '4', '7', '1', '18');
COMMIT;

-- ----------------------------
--  Table structure for `yunzhi_term`
-- ----------------------------
DROP TABLE IF EXISTS `yunzhi_term`;
CREATE TABLE `yunzhi_term` (
  `id` int(11) NOT NULL AUTO_INCREMENT,
  `name` varchar(255) NOT NULL,
  `start_time` date NOT NULL,
  `end_time` date NOT NULL,
  `state` int(11) NOT NULL,
  PRIMARY KEY (`id`)
) ENGINE=InnoDB AUTO_INCREMENT=23 DEFAULT CHARSET=utf8 ROW_FORMAT=COMPACT;

-- ----------------------------
--  Records of `yunzhi_term`
-- ----------------------------
BEGIN;
INSERT INTO `yunzhi_term` VALUES ('18', '2017年秋', '2017-09-03', '2017-12-30', '0'), ('19', '2017年春', '2017-01-20', '2017-06-30', '0'), ('22', '2018年春', '2018-03-05', '2018-07-16', '1');
COMMIT;

-- ----------------------------
--  Table structure for `yunzhi_user`
-- ----------------------------
DROP TABLE IF EXISTS `yunzhi_user`;
CREATE TABLE `yunzhi_user` (
  `username` varchar(255) NOT NULL COMMENT '用户名',
  `name` varchar(255) NOT NULL COMMENT '姓名',
  `password` varchar(255) NOT NULL DEFAULT '123' COMMENT '密码',
  `phone` varchar(255) NOT NULL COMMENT '电话',
  `power` int(11) unsigned NOT NULL DEFAULT 0 COMMENT '0 学生；1 老师',
  `contribution` float(11,0) DEFAULT 0,
  `coefficient` int(11) DEFAULT 1,
  PRIMARY KEY (`username`),
  KEY `name` (`name`)
) ENGINE=InnoDB DEFAULT CHARSET=utf8 ROW_FORMAT=COMPACT;

-- ----------------------------
--  Records of `yunzhi_user`
-- ----------------------------
BEGIN;
INSERT INTO `yunzhi_user` VALUES ('chenzhigao', '陈志高', '456', '18333066520', '0', '2', '4'), ('chuhang', '楚航', '123', '13752603780', '2', '0', '1'), ('poshichao', '朴世超', '123', '14578965482', '0', '0', '5'), ('teacherpan', '潘杰', '123', '14589748521', '1', '0', '1'), ('zhangjiahao', '张佳豪', '123', '18812669566', '2', '0', '1'), ('zhangxintong', '张鑫彤', '123', '13602053418', '2', '0', '1'), ('zhangxishuo', '张喜硕', '456', '17695552766', '0', '0', '10'), ('zhuchenshu', '朱晨澍', '123', '12345678901', '0', '-1188', '7');
COMMIT;

-- ----------------------------
--  Table structure for `yunzhi_user_course`
-- ----------------------------
DROP TABLE IF EXISTS `yunzhi_user_course`;
CREATE TABLE `yunzhi_user_course` (
  `course_id` int(11) NOT NULL AUTO_INCREMENT,
  `username` varchar(255) NOT NULL,
  PRIMARY KEY (`course_id`,`username`),
  KEY `uc_username` (`username`),
  CONSTRAINT `yunzhi_user_course_ibfk_1` FOREIGN KEY (`course_id`) REFERENCES `yunzhi_course` (`id`) ON DELETE CASCADE ON UPDATE CASCADE,
  CONSTRAINT `yunzhi_user_course_ibfk_2` FOREIGN KEY (`username`) REFERENCES `yunzhi_user` (`username`) ON DELETE CASCADE ON UPDATE CASCADE
) ENGINE=InnoDB AUTO_INCREMENT=98 DEFAULT CHARSET=utf8 ROW_FORMAT=COMPACT;

-- ----------------------------
--  Records of `yunzhi_user_course`
-- ----------------------------
BEGIN;
INSERT INTO `yunzhi_user_course` VALUES ('38', 'zhangxintong'), ('47', 'chenzhigao'), ('47', 'poshichao'), ('47', 'zhangxishuo'), ('52', 'chuhang'), ('53', 'chuhang'), ('54', 'chuhang'), ('55', 'chuhang'), ('56', 'chuhang'), ('57', 'chuhang'), ('58', 'chuhang'), ('59', 'zhangjiahao'), ('60', 'zhangjiahao'), ('61', 'chuhang'), ('70', 'zhuchenshu'), ('72', 'chuhang'), ('73', 'zhangxishuo'), ('74', 'chenzhigao'), ('75', 'chenzhigao'), ('75', 'poshichao'), ('75', 'zhangxishuo'), ('76', 'chenzhigao'), ('77', 'chenzhigao'), ('77', 'poshichao'), ('77', 'zhangxishuo'), ('78', 'chenzhigao'), ('78', 'poshichao'), ('78', 'zhangxishuo'), ('79', 'chenzhigao'), ('80', 'zhangxintong'), ('81', 'zhangxintong'), ('82', 'zhuchenshu'), ('83', 'zhuchenshu'), ('84', 'zhuchenshu'), ('85', 'zhuchenshu'), ('86', 'zhuchenshu'), ('87', 'chenzhigao'), ('87', 'zhuchenshu'), ('88', 'zhuchenshu'), ('90', 'poshichao'), ('92', 'poshichao'), ('92', 'zhangxishuo'), ('93', 'zhangxishuo'), ('94', 'zhuchenshu'), ('95', 'zhuchenshu'), ('97', 'zhuchenshu');
COMMIT;

-- ----------------------------
--  View structure for `test`
-- ----------------------------
DROP VIEW IF EXISTS `test`;
CREATE ALGORITHM=UNDEFINED DEFINER=`root`@`localhost` SQL SECURITY DEFINER VIEW `test` AS select `yunzhi_user`.`name` AS `name`,`yunzhi_user`.`username` AS `username`,`yunzhi_user`.`power` AS `power`,`yunzhi_user_course`.`course_id` AS `course_id`,`yunzhi_coursetime`.`week` AS `week`,`yunzhi_coursetime`.`day` AS `day`,`yunzhi_coursetime`.`term_id` AS `term_id`,`yunzhi_coursetime`.`knob` AS `knob`,`yunzhi_coursetime`.`id` AS `id` from (((`yunzhi_user_course` left join `yunzhi_user` on(`yunzhi_user_course`.`username` = `yunzhi_user`.`name`)) left join `yunzhi_course` on(`yunzhi_course`.`id` = `yunzhi_user_course`.`course_id`)) left join `yunzhi_coursetime` on(`yunzhi_coursetime`.`course_id` = `yunzhi_user_course`.`course_id`));

-- ----------------------------
--  View structure for `yunzhi_course_time_view`
-- ----------------------------
DROP VIEW IF EXISTS `yunzhi_course_time_view`;
CREATE ALGORITHM=UNDEFINED DEFINER=`root`@`localhost` SQL SECURITY DEFINER VIEW `yunzhi_course_time_view` AS select `yunzhi_coursetime`.`course_id` AS `course_id`,`yunzhi_coursetime`.`term_id` AS `term_id`,`yunzhi_coursetime`.`knob` AS `knob`,`yunzhi_coursetime`.`day` AS `day`,`yunzhi_coursetime`.`week` AS `week`,`yunzhi_term`.`name` AS `name`,`yunzhi_course`.`name` AS `course.name`,`yunzhi_user_course`.`username` AS `username`,`yunzhi_user`.`name` AS `user.name` from ((`yunzhi_user_course` left join ((`yunzhi_term` left join `yunzhi_coursetime` on(`yunzhi_term`.`id` = `yunzhi_coursetime`.`term_id`)) left join `yunzhi_course` on(`yunzhi_coursetime`.`course_id` = `yunzhi_course`.`id`)) on(`yunzhi_course`.`id` = `yunzhi_user_course`.`course_id`)) left join `yunzhi_user` on(`yunzhi_user`.`username` = `yunzhi_user_course`.`username`));

SET FOREIGN_KEY_CHECKS = 1;
